"calendar year","state or territory","count of cases excluding died in hospitals within 30 days","percentage_in_a_year"
2011,"NSW",5223,0.15566417309927577
2011,"Vic",4585,0.13664947992727924
2011,"Qld",3017,0.08991744404375168
2011,"WA",1724,0.05138139659642953
2011,"SA",1147,0.034184722677554916
2011,"Tas",247,0.007361487795428129
2011,"ACT",283,0.0084344171907132
2011,"NT",213,0.006348165588770006
2011,"NSW",5395,0.16079039132119333
2011,"Vic",4741,0.1412988406401812
2011,"Qld",3305,0.09850087920603225
2011,"WA",1718,0.05120257503054868
2011,"SA",1212,0.03612195630793073
2011,"Tas",246,0.007331684201114654
2011,"ACT",254,0.007570112955622448
2011,"NT",243,0.007242273418174232
2012,"NSW",5430,0.16223968448414952
2012,"Vic",4669,0.13950222594042247
2012,"Qld",3166,0.09459499835668828
2012,"WA",1692,0.05055424422600018
2012,"SA",1107,0.03307538319041501
2012,"Tas",271,0.008097045026741164
2012,"ACT",313,0.009351937613911381
2012,"NT",215,0.006423854910514207
2012,"NSW",5691,0.17003794556156443
2012,"Vic",3429,0.10245301622396845
2012,"Qld",3647,0.10896650631928052
2012,"WA",1801,0.05381098927365622
2012,"SA",1204,0.03597358749887956
2012,"Tas",265,0.007917774657145419
2012,"ACT",288,0.008604977740595775
2012,"NT",281,0.008395828976067405
2013,"NSW",5468,0.1588334398419799
2013,"Vic",3898,0.11322837390344508
2013,"Qld",3719,0.1080288154301981
2013,"WA",1802,0.052344158484866087
2013,"SA",1063,0.030877824899785047
2013,"Tas",278,0.008075291930517632
2013,"ACT",308,0.008946726311508743
2013,"NT",258,0.007494335676523558
2013,"NSW",5953,0.1729216290013362
2013,"Vic",3886,0.11287980015104862
2013,"Qld",4102,0.11915412769418463
2013,"WA",1673,0.04859699064660431
2013,"SA",1158,0.0336373671062569
2013,"Tas",292,0.008481961308313484
2013,"ACT",265,0.007697670365421484
2013,"NT",303,0.008801487248010225
2014,"NSW",5622,0.1612782925499871
2014,"Vic",4237,0.12154680283427523
2014,"Qld",3743,0.10737542671906825
2014,"WA",1609,0.046157376861068876
2014,"SA",1225,0.03514157032617115
2014,"Tas",333,0.009552769729481625
2014,"ACT",278,0.007974984939327003
2014,"NT",289,0.008290541897357928
2014,"NSW",5691,0.16325769528672654
2014,"Vic",4286,0.12295246564732207
2014,"Qld",3982,0.1142316188071947
2014,"WA",1545,0.04432140910525259
2014,"SA",1156,0.03316216758943171
2014,"Tas",313,0.008979029805789036
2014,"ACT",264,0.00757336699274219
2014,"NT",286,0.008204480908804039
2015,"NSW",5621,0.1548228942874456
2015,"Vic",4532,0.12482785214565086
2015,"Qld",4082,0.11243320663251254
2015,"WA",1587,0.04371178317633449
2015,"SA",1180,0.03250151490111827
2015,"Tas",345,0.009502561560072715
2015,"ACT",336,0.00925466864980995
2015,"NT",323,0.008896601112763731
2015,"NSW",5463,0.15047099652949925
2015,"Vic",4666,0.12851870214289648
2015,"Qld",4224,0.11634440588332506
2015,"WA",1596,0.04395967608659725
2015,"SA",1287,0.035448686167575606
2015,"Tas",332,0.009144494023026497
2015,"ACT",364,0.01002589103729411
2015,"NT",368,0.010136065664077563
2016,"NSW",5776,0.1510420752595382
2016,"Vic",5200,0.13597970764362857
2016,"Qld",4268,0.11160796004288591
2016,"WA",1508,0.039434115216652285
2016,"SA",1370,0.0358254229753406
2016,"Tas",330,0.00862948144661489
2016,"ACT",335,0.008760231165502994
2016,"NT",311,0.008132632514840093
2016,"NSW",5698,0.14900237964488378
2016,"Vic",5160,0.13493370989252373
2016,"Qld",4434,0.11594885070997098
2016,"WA",1523,0.039826364373316596
2016,"SA",1284,0.03357652781046521
2016,"Tas",327,0.008551031615282027
2016,"ACT",319,0.00834183206506106
2016,"NT",398,0.01040767762349311
2017,"NSW",5600,0.14535260985802165
2017,"Vic",5448,0.14140732473330392
2017,"Qld",4420,0.11472473849508137
2017,"WA",1616,0.041944610273314815
2017,"SA",1313,0.03407999584706829
2017,"Tas",338,0.008773068237859163
2017,"ACT",337,0.008747112414670232
2017,"NT",296,0.007682923663924001
2017,"NSW",5416,0.1405767383912581
2017,"Vic",5346,0.1387598307680328
2017,"Qld",4714,0.12235575051262751
2017,"WA",1579,0.04098424481532432
2017,"SA",1081,0.028058244867235963
2017,"Tas",321,0.008331819243647313
2017,"ACT",295,0.007656967840735069
2017,"NT",407,0.010564020037895501
2018,"NSW",4917,0.1270017563797913
2018,"Vic",5901,0.15241760512449634
2018,"Qld",4547,0.11744498398594896
2018,"WA",1639,0.042333918793263765
2018,"SA",1216,0.03140820332678996
2018,"Tas",372,0.009608430622998244
2018,"ACT",368,0.009505114164686435
2018,"NT",412,0.010641595206116334
2018,"NSW",4877,0.12596859179667322
2018,"Vic",5552,0.14340324413679098
2018,"Qld",4834,0.12485793986982126
2018,"WA",1635,0.04223060233495196
2018,"SA",1273,0.03288046285773324
2018,"Tas",409,0.010564107862382478
2018,"ACT",344,0.00888521541481558
2018,"NT",420,0.010848228122739953
2019,"NSW",4989,0.12835421544161157
2019,"Vic",5903,0.15186909876765545
2019,"Qld",4643,0.11945252000308729
2019,"WA",1679,0.043196377575960274
2019,"SA",1221,0.03141320846947439
2019,"Tas",388,0.00998224806400988
2019,"ACT",362,0.009313334533947362
2019,"NT",320,0.008232781908461757
2019,"NSW",4953,0.12742802747690962
2019,"Vic",5489,0.14121793717358305
2019,"Qld",4872,0.12534410455633024
2019,"WA",1855,0.047724407625614244
2019,"SA",1236,0.03179912012143353
2019,"Tas",320,0.008232781908461757
2019,"ACT",303,0.007795415369574725
2019,"NT",336,0.008644421003884843
2020,"NSW",4191,0.11238335299796202
2020,"Vic",5030,0.13488147591976832
2020,"Qld",4287,0.11495763166362759
2020,"WA",1704,0.04569344631556366
2020,"SA",1171,0.031400836640566344
2020,"Tas",328,0.008795452107690657
2020,"ACT",286,0.007669205191461976
2020,"NT",322,0.00863455969108656
2020,"NSW",5083,0.13630269226643785
2020,"Vic",4854,0.1301619650327148
2020,"Qld",5514,0.1478601308591655
2020,"WA",1932,0.051807358146519364
2020,"SA",1332,0.03571811648610962
2020,"Tas",450,0.012066931245307305
2020,"ACT",343,0.009197683149200902
2020,"NT",465,0.012469162286817548
2021,"NSW",5005,0.12821826565902394
2021,"Vic",5921,0.15168438580760857
2021,"Qld",5127,0.13134366594082234
2021,"WA",1800,0.046112463174074546
2021,"SA",1337,0.034251312924298706
2021,"Tas",422,0.010810810810810811
2021,"ACT",441,0.011297553477648265
2021,"NT",348,0.008915076213654413
2021,"NSW",3998,0.10242090431663892
2021,"Vic",5209,0.1334443448187524
2021,"Qld",5320,0.136287946714487
2021,"WA",1768,0.04529268605097989
2021,"SA",1295,0.03317535545023697
2021,"Tas",383,0.009811707442039196
2021,"ACT",299,0.007659792493915717
2021,"NT",362,0.009273728705008326
