"Calendar year (#3)","First Nations status (#3)","Cause of injury = traffic (#3)","Hospitalisations (#3)","Bed days excluding died in hospitals within 30 days (#3)"
2011,"First Nations people","Traffic",183,1161
2011,"First Nations people","Traffic",210,1317
2011,"First Nations people","Traffic",156,1105
2011,"Non-Indigenous","Traffic",10214,44524
2011,"Non-Indigenous","Traffic",4791,24534
2011,"Non-Indigenous","Traffic",370,1822
2011,"First Nations people","Traffic",185,996
2011,"First Nations people","Traffic",245,1056
2011,"First Nations people","Traffic",174,878
2011,"Non-Indigenous","Traffic",10771,44760
2011,"Non-Indigenous","Traffic",4926,23431
2011,"Non-Indigenous","Traffic",419,1913
2012,"First Nations people","Traffic",202,1059
2012,"First Nations people","Traffic",239,1213
2012,"First Nations people","Traffic",203,1305
2012,"Non-Indigenous","Traffic",10497,41747
2012,"Non-Indigenous","Traffic",4933,23871
2012,"Non-Indigenous","Traffic",371,1665
2012,"First Nations people","Traffic",227,1170
2012,"First Nations people","Traffic",306,1224
2012,"First Nations people","Traffic",223,1202
2012,"Non-Indigenous","Traffic",10361,45401
2012,"Non-Indigenous","Traffic",4603,22708
2012,"Non-Indigenous","Traffic",431,2159
2013,"First Nations people","Traffic",204,1172
2013,"First Nations people","Traffic",263,1309
2013,"First Nations people","Traffic",209,1169
2013,"Non-Indigenous","Traffic",10909,42680
2013,"Non-Indigenous","Traffic",4425,20743
2013,"Non-Indigenous","Traffic",372,1591
2013,"First Nations people","Traffic",242,941
2013,"First Nations people","Traffic",277,1491
2013,"First Nations people","Traffic",211,1462
2013,"Non-Indigenous","Traffic",11315,43040
2013,"Non-Indigenous","Traffic",4793,21628
2013,"Non-Indigenous","Traffic",393,1658
2014,"First Nations people","Traffic",230,1150
2014,"First Nations people","Traffic",309,1411
2014,"First Nations people","Traffic",183,1052
2014,"Non-Indigenous","Traffic",11251,41792
2014,"Non-Indigenous","Traffic",4594,20775
2014,"Non-Indigenous","Traffic",366,1891
2014,"First Nations people","Traffic",256,1159
2014,"First Nations people","Traffic",256,1445
2014,"First Nations people","Traffic",209,1355
2014,"Non-Indigenous","Traffic",11321,41091
2014,"Non-Indigenous","Traffic",4764,21247
2014,"Non-Indigenous","Traffic",371,1752
2015,"First Nations people","Traffic",238,904
2015,"First Nations people","Traffic",291,898
2015,"First Nations people","Traffic",208,1173
2015,"Non-Indigenous","Traffic",11713,41282
2015,"Non-Indigenous","Traffic",4812,20455
2015,"Non-Indigenous","Traffic",358,1583
2015,"First Nations people","Traffic",270,982
2015,"First Nations people","Traffic",322,1829
2015,"First Nations people","Traffic",253,1661
2015,"Non-Indigenous","Traffic",11884,68361
2015,"Non-Indigenous","Traffic",4872,32528
2015,"Non-Indigenous","Traffic",336,1945
2016,"First Nations people","Traffic",257,999
2016,"First Nations people","Traffic",327,1923
2016,"First Nations people","Traffic",210,1209
2016,"Non-Indigenous","Traffic",12724,67750
2016,"Non-Indigenous","Traffic",4904,29741
2016,"Non-Indigenous","Traffic",335,1697
2016,"First Nations people","Traffic",294,1560
2016,"First Nations people","Traffic",321,1492
2016,"First Nations people","Traffic",244,1694
2016,"Non-Indigenous","Traffic",12666,66920
2016,"Non-Indigenous","Traffic",4942,32243
2016,"Non-Indigenous","Traffic",343,1772
2017,"First Nations people","Traffic",302,1280
2017,"First Nations people","Traffic",345,1636
2017,"First Nations people","Traffic",174,1267
2017,"Non-Indigenous","Traffic",12805,63829
2017,"Non-Indigenous","Traffic",5036,30468
2017,"Non-Indigenous","Traffic",339,1991
2017,"First Nations people","Traffic",315,1363
2017,"First Nations people","Traffic",359,1565
2017,"First Nations people","Traffic",219,1501
2017,"Non-Indigenous","Traffic",12483,63570
2017,"Non-Indigenous","Traffic",5127,32073
2017,"Non-Indigenous","Traffic",314,1537
2018,"First Nations people","Traffic",287,1052
2018,"First Nations people","Traffic",386,2031
2018,"First Nations people","Traffic",210,1076
2018,"Non-Indigenous","Traffic",12789,60888
2018,"Non-Indigenous","Traffic",5059,30203
2018,"Non-Indigenous","Traffic",344,1320
2018,"First Nations people","Traffic",355,1445
2018,"First Nations people","Traffic",411,2340
2018,"First Nations people","Traffic",256,2063
2018,"Non-Indigenous","Traffic",12447,60147
2018,"Non-Indigenous","Traffic",5219,33299
2018,"Non-Indigenous","Traffic",376,1443
2019,"First Nations people","Traffic",357,1945
2019,"First Nations people","Traffic",327,1452
2019,"First Nations people","Traffic",195,913
2019,"Non-Indigenous","Traffic",12904,62332
2019,"Non-Indigenous","Traffic",5038,29554
2019,"Non-Indigenous","Traffic",309,1387
2019,"First Nations people","Traffic",351,2419
2019,"First Nations people","Traffic",342,1777
2019,"First Nations people","Traffic",252,1654
2019,"Non-Indigenous","Traffic",12598,61781
2019,"Non-Indigenous","Traffic",5194,30109
2019,"Non-Indigenous","Traffic",329,1598
2020,"First Nations people","Traffic",377,1642
2020,"First Nations people","Traffic",407,2411
2020,"First Nations people","Traffic",191,1206
2020,"Non-Indigenous","Traffic",11156,53928
2020,"Non-Indigenous","Traffic",4604,26060
2020,"Non-Indigenous","Traffic",295,1294
2020,"First Nations people","Traffic",433,2365
2020,"First Nations people","Traffic",539,3004
2020,"First Nations people","Traffic",313,1512
2020,"Non-Indigenous","Traffic",12667,55290
2020,"Non-Indigenous","Traffic",5332,28858
2020,"Non-Indigenous","Traffic",365,1534
2021,"First Nations people","Traffic",407,2550
2021,"First Nations people","Traffic",430,2508
2021,"First Nations people","Traffic",255,1392
2021,"Non-Indigenous","Traffic",13371,60464
2021,"Non-Indigenous","Traffic",5262,32316
2021,"Non-Indigenous","Traffic",313,1618
2021,"First Nations people","Traffic",388,2578
2021,"First Nations people","Traffic",455,2757
2021,"First Nations people","Traffic",248,1334
2021,"Non-Indigenous","Traffic",11883,54675
2021,"Non-Indigenous","Traffic",5070,26869
2021,"Non-Indigenous","Traffic",287,2166
,,,,
,,,,
,,,,
,,,,
,,,,
,,,,
,,,,
,,,,
,,,,
,,,,
,,,,
,,,,
,,,,
,,,,
,,,,
,,,,
,,,,
,,,,
,,,,
,,,,
,,,,
,,,,
,,,,
,,,,
,,,,
,,,,
,,,,
,,,,
,,,,
,,,,
,,,,
,,,,
,,,,
,,,,
,,,,
,,,,
,,,,
,,,,
,,,,
,,,,
,,,,
,,,,
,,,,
,,,,
,,,,
,,,,
,,,,
,,,,
,,,,
,,,,
,,,,
,,,,
,,,,
,,,,
,,,,
,,,,
,,,,
,,,,
,,,,
,,,,
,,,,
,,,,
,,,,
,,,,
,,,,
,,,,
,,,,
,,,,
,,,,
,,,,
,,,,
,,,,
,,,,
,,,,
,,,,
,,,,
,,,,
,,,,
,,,,
,,,,
,,,,
,,,,
,,,,
,,,,
,,,,
,,,,
,,,,
,,,,
,,,,
,,,,
,,,,
,,,,
,,,,
,,,,
,,,,
,,,,
,,,,
,,,,
,,,,
,,,,
,,,,
,,,,
,,,,
,,,,
,,,,
,,,,
,,,,
,,,,
,,,,
,,,,
,,,,
,,,,
,,,,
,,,,
,,,,
,,,,
,,,,
,,,,
,,,,
,,,,
,,,,
,,,,
,,,,
,,,,
,,,,
,,,,
,,,,
,,,,
,,,,
,,,,
,,,,
,,,,
,,,,
,,,,
,,,,
,,,,
,,,,
,,,,
,,,,
,,,,
,,,,
,,,,
,,,,
,,,,
,,,,
,,,,
,,,,
,,,,
,,,,
,,,,
,,,,
,,,,
,,,,
,,,,
,,,,
,,,,
,,,,
,,,,
,,,,
,,,,
,,,,
,,,,
,,,,
,,,,
,,,,
,,,,
,,,,
,,,,
,,,,
,,,,
,,,,
,,,,
,,,,
,,,,
,,,,
,,,,
,,,,
,,,,
,,,,
,,,,
,,,,
,,,,
,,,,
,,,,
,,,,
,,,,
,,,,
,,,,
,,,,
,,,,
,,,,
,,,,
,,,,
,,,,
,,,,
,,,,
,,,,
,,,,
,,,,
,,,,
,,,,
,,,,
,,,,
,,,,
,,,,
,,,,
,,,,
,,,,
,,,,
,,,,
,,,,
,,,,
,,,,
,,,,
,,,,
,,,,
,,,,
,,,,
,,,,
